--
-- TOC entry 2322 (class 0 OID 258287)
-- Dependencies: 200
-- Data for Name: tbl_pais; Type: TABLE DATA; Schema: public; Owner: postgres
--

INSERT INTO tbl_pais (id_pais, cod_pais, desc_pais, iniciales_pais, codigo_postal, cod_continente, latitud_pais, longitud_pais) VALUES (1, '00001', 'Honduras', 'HND', '504', 'AME', NULL, NULL);
INSERT INTO tbl_pais (id_pais, cod_pais, desc_pais, iniciales_pais, codigo_postal, cod_continente, latitud_pais, longitud_pais) VALUES (2, '00002', 'EL SALVADOR', 'ESV', '503', 'AME', NULL, NULL);


--
-- TOC entry 2304 (class 0 OID 258223)
-- Dependencies: 182
-- Data for Name: tbl_departamentos; Type: TABLE DATA; Schema: public; Owner: postgres
--

INSERT INTO tbl_departamentos (id_departamento, cod_departamento, desc_departamento, id_pais, latitud_depto, longitud_depto, cabecera) VALUES (1, '﻿01', 'ATLÁNTIDA', 1, '15.669628', '-87.142289', 'La Ceiba');
INSERT INTO tbl_departamentos (id_departamento, cod_departamento, desc_departamento, id_pais, latitud_depto, longitud_depto, cabecera) VALUES (2, '02', 'COLÓN', 1, '15.639177', '-85.354965', 'Trujillo');
INSERT INTO tbl_departamentos (id_departamento, cod_departamento, desc_departamento, id_pais, latitud_depto, longitud_depto, cabecera) VALUES (3, '03', 'COMAYAGUA', 1, '14.449015', '-87.648247', 'Comayagua');
INSERT INTO tbl_departamentos (id_departamento, cod_departamento, desc_departamento, id_pais, latitud_depto, longitud_depto, cabecera) VALUES (4, '04', 'COPÁN', 1, '14.849725', '-89.146783', 'Santa Rosa de Copan');
INSERT INTO tbl_departamentos (id_departamento, cod_departamento, desc_departamento, id_pais, latitud_depto, longitud_depto, cabecera) VALUES (5, '05', 'CORTÉS', 1, '15.490952', '-87.93348', 'San Pedro Sula');
INSERT INTO tbl_departamentos (id_departamento, cod_departamento, desc_departamento, id_pais, latitud_depto, longitud_depto, cabecera) VALUES (7, '07', 'EL PARAÍSO', 1, '13.864111', '-86.552928', 'Yuscaran');
INSERT INTO tbl_departamentos (id_departamento, cod_departamento, desc_departamento, id_pais, latitud_depto, longitud_depto, cabecera) VALUES (6, '06', 'CHOLUTECA', 1, '13.319857', '-87.162234', 'Choluteca');
INSERT INTO tbl_departamentos (id_departamento, cod_departamento, desc_departamento, id_pais, latitud_depto, longitud_depto, cabecera) VALUES (8, '08', 'FRANCISCO MORAZÁN', 1, '14.45411', '-87.062426', 'Distrito Central');
INSERT INTO tbl_departamentos (id_departamento, cod_departamento, desc_departamento, id_pais, latitud_depto, longitud_depto, cabecera) VALUES (9, '09', 'GRACIAS A DIOS', 1, '15.341806', '-84.606045', 'Puerto Lempira');
INSERT INTO tbl_departamentos (id_departamento, cod_departamento, desc_departamento, id_pais, latitud_depto, longitud_depto, cabecera) VALUES (10, '10', 'INTIBUCÁ', 1, '14.372734', '-88.246118', 'La Esperanza');
INSERT INTO tbl_departamentos (id_departamento, cod_departamento, desc_departamento, id_pais, latitud_depto, longitud_depto, cabecera) VALUES (11, '11', 'ISLAS DE LA BAHÍA', 1, '16.352608', '-86.489546', 'Roatan');
INSERT INTO tbl_departamentos (id_departamento, cod_departamento, desc_departamento, id_pais, latitud_depto, longitud_depto, cabecera) VALUES (12, '12', 'LA PAZ', 1, '13.998483', '-87.93348', 'La Paz');
INSERT INTO tbl_departamentos (id_departamento, cod_departamento, desc_departamento, id_pais, latitud_depto, longitud_depto, cabecera) VALUES (13, '13', 'LEMPIRA', 1, '14.1887698', '-88.556531', 'Gracias');
INSERT INTO tbl_departamentos (id_departamento, cod_departamento, desc_departamento, id_pais, latitud_depto, longitud_depto, cabecera) VALUES (14, '14', 'OCOTEPEQUE', 1, '14.434537', '-89.183693', 'Nueba Ocotepque');
INSERT INTO tbl_departamentos (id_departamento, cod_departamento, desc_departamento, id_pais, latitud_depto, longitud_depto, cabecera) VALUES (15, '15', 'OLANCHO', 1, '14.806741', '-85.766664', 'Juticalpa');
INSERT INTO tbl_departamentos (id_departamento, cod_departamento, desc_departamento, id_pais, latitud_depto, longitud_depto, cabecera) VALUES (16, '16', 'SANTA BÁRBARA', 1, '15.12028', '-88.401604', 'Santa Barbara');
INSERT INTO tbl_departamentos (id_departamento, cod_departamento, desc_departamento, id_pais, latitud_depto, longitud_depto, cabecera) VALUES (17, '17', 'VALLE', 1, '13.578294', '-87.579129', 'Nacaome');
INSERT INTO tbl_departamentos (id_departamento, cod_departamento, desc_departamento, id_pais, latitud_depto, longitud_depto, cabecera) VALUES (18, '18', 'YORO', 1, '15.136965', '-87.127325', 'Yoro');
INSERT INTO tbl_departamentos (id_departamento, cod_departamento, desc_departamento, id_pais, latitud_depto, longitud_depto, cabecera) VALUES (19, '19', 'AUXILIARES', 1, NULL, NULL, NULL);


--
-- TOC entry 2318 (class 0 OID 258269)
-- Dependencies: 196
-- Data for Name: tbl_municipios; Type: TABLE DATA; Schema: public; Owner: postgres
--

INSERT INTO tbl_municipios (cod_municipio, desc_municipio, id_departamento, latittud_munic, longitud_munic) VALUES ('0101', 'LA CEIBA', 1, '', '');
INSERT INTO tbl_municipios (cod_municipio, desc_municipio, id_departamento, latittud_munic, longitud_munic) VALUES ('0102', 'EL PORVENIR', 1, '', '');
INSERT INTO tbl_municipios (cod_municipio, desc_municipio, id_departamento, latittud_munic, longitud_munic) VALUES ('0103', 'ESPARTA', 1, '', '');
INSERT INTO tbl_municipios (cod_municipio, desc_municipio, id_departamento, latittud_munic, longitud_munic) VALUES ('0104', 'JUTIAPA', 1, '', '');
INSERT INTO tbl_municipios (cod_municipio, desc_municipio, id_departamento, latittud_munic, longitud_munic) VALUES ('0105', 'LA MASICA', 1, '', '');
INSERT INTO tbl_municipios (cod_municipio, desc_municipio, id_departamento, latittud_munic, longitud_munic) VALUES ('0106', 'SAN FRANCISCO', 1, '', '');
INSERT INTO tbl_municipios (cod_municipio, desc_municipio, id_departamento, latittud_munic, longitud_munic) VALUES ('0107', 'TELA', 1, '', '');
INSERT INTO tbl_municipios (cod_municipio, desc_municipio, id_departamento, latittud_munic, longitud_munic) VALUES ('0108', 'ARIZONA', 1, '', '');
INSERT INTO tbl_municipios (cod_municipio, desc_municipio, id_departamento, latittud_munic, longitud_munic) VALUES ('0201', 'TRUJILLO', 2, '', '');
INSERT INTO tbl_municipios (cod_municipio, desc_municipio, id_departamento, latittud_munic, longitud_munic) VALUES ('0202', 'BALFATE', 2, '', '');
INSERT INTO tbl_municipios (cod_municipio, desc_municipio, id_departamento, latittud_munic, longitud_munic) VALUES ('0203', 'IRIONA', 2, '', '');
INSERT INTO tbl_municipios (cod_municipio, desc_municipio, id_departamento, latittud_munic, longitud_munic) VALUES ('0204', 'LIMÓN', 2, '', '');
INSERT INTO tbl_municipios (cod_municipio, desc_municipio, id_departamento, latittud_munic, longitud_munic) VALUES ('0205', 'SABÁ', 2, '', '');
INSERT INTO tbl_municipios (cod_municipio, desc_municipio, id_departamento, latittud_munic, longitud_munic) VALUES ('0206', 'SANTA FE', 2, '', '');
INSERT INTO tbl_municipios (cod_municipio, desc_municipio, id_departamento, latittud_munic, longitud_munic) VALUES ('0207', 'STA. ROSA DE AGUÁN', 2, '', '');
INSERT INTO tbl_municipios (cod_municipio, desc_municipio, id_departamento, latittud_munic, longitud_munic) VALUES ('0208', 'SONAGUERA', 2, '', '');
INSERT INTO tbl_municipios (cod_municipio, desc_municipio, id_departamento, latittud_munic, longitud_munic) VALUES ('0209', 'TOCOA', 2, '', '');
INSERT INTO tbl_municipios (cod_municipio, desc_municipio, id_departamento, latittud_munic, longitud_munic) VALUES ('0210', 'BONITO ORIENTAL', 2, '', '');
INSERT INTO tbl_municipios (cod_municipio, desc_municipio, id_departamento, latittud_munic, longitud_munic) VALUES ('0301', 'COMAYAGUA', 3, '', '');
INSERT INTO tbl_municipios (cod_municipio, desc_municipio, id_departamento, latittud_munic, longitud_munic) VALUES ('0302', 'AJUTERIQUE', 3, '', '');
INSERT INTO tbl_municipios (cod_municipio, desc_municipio, id_departamento, latittud_munic, longitud_munic) VALUES ('0303', 'EL ROSARIO', 3, '', '');
INSERT INTO tbl_municipios (cod_municipio, desc_municipio, id_departamento, latittud_munic, longitud_munic) VALUES ('0304', 'ESQUÍAS', 3, '', '');
INSERT INTO tbl_municipios (cod_municipio, desc_municipio, id_departamento, latittud_munic, longitud_munic) VALUES ('0305', 'HUMUYA', 3, '', '');
INSERT INTO tbl_municipios (cod_municipio, desc_municipio, id_departamento, latittud_munic, longitud_munic) VALUES ('0306', 'LA LIBERTAD', 3, '', '');
INSERT INTO tbl_municipios (cod_municipio, desc_municipio, id_departamento, latittud_munic, longitud_munic) VALUES ('0307', 'LAMANÍ', 3, '', '');
INSERT INTO tbl_municipios (cod_municipio, desc_municipio, id_departamento, latittud_munic, longitud_munic) VALUES ('0308', 'LA TRINIDAD', 3, '', '');
INSERT INTO tbl_municipios (cod_municipio, desc_municipio, id_departamento, latittud_munic, longitud_munic) VALUES ('0309', 'LEJAMANÍ', 3, '', '');
INSERT INTO tbl_municipios (cod_municipio, desc_municipio, id_departamento, latittud_munic, longitud_munic) VALUES ('0310', 'MEÁMBAR', 3, '', '');
INSERT INTO tbl_municipios (cod_municipio, desc_municipio, id_departamento, latittud_munic, longitud_munic) VALUES ('0311', 'MINAS DE ORO', 3, '', '');
INSERT INTO tbl_municipios (cod_municipio, desc_municipio, id_departamento, latittud_munic, longitud_munic) VALUES ('0312', 'OJOS DE AGUA', 3, '', '');
INSERT INTO tbl_municipios (cod_municipio, desc_municipio, id_departamento, latittud_munic, longitud_munic) VALUES ('0313', 'SAN JERÓNIMO', 3, '', '');
INSERT INTO tbl_municipios (cod_municipio, desc_municipio, id_departamento, latittud_munic, longitud_munic) VALUES ('0314', 'S. JOSÉ DE COMAYAG', 3, '', '');
INSERT INTO tbl_municipios (cod_municipio, desc_municipio, id_departamento, latittud_munic, longitud_munic) VALUES ('0315', 'S. JOSÉ DEL POTRERO', 3, '', '');
INSERT INTO tbl_municipios (cod_municipio, desc_municipio, id_departamento, latittud_munic, longitud_munic) VALUES ('0316', 'SAN LUIS', 3, '', '');
INSERT INTO tbl_municipios (cod_municipio, desc_municipio, id_departamento, latittud_munic, longitud_munic) VALUES ('0317', 'SAN SEBASTIÁN', 3, '', '');
INSERT INTO tbl_municipios (cod_municipio, desc_municipio, id_departamento, latittud_munic, longitud_munic) VALUES ('0318', 'SIGUATEPEQUE', 3, '', '');
INSERT INTO tbl_municipios (cod_municipio, desc_municipio, id_departamento, latittud_munic, longitud_munic) VALUES ('0319', 'VILLA DE S. ANTONIO', 3, '', '');
INSERT INTO tbl_municipios (cod_municipio, desc_municipio, id_departamento, latittud_munic, longitud_munic) VALUES ('0320', 'LAJAS', 3, '', '');
INSERT INTO tbl_municipios (cod_municipio, desc_municipio, id_departamento, latittud_munic, longitud_munic) VALUES ('0321', 'TAULABÉ', 3, '', '');
INSERT INTO tbl_municipios (cod_municipio, desc_municipio, id_departamento, latittud_munic, longitud_munic) VALUES ('0401', 'STA. ROSA DE COPÁN', 4, '', '');
INSERT INTO tbl_municipios (cod_municipio, desc_municipio, id_departamento, latittud_munic, longitud_munic) VALUES ('0402', 'CABAÑAS', 4, '', '');
INSERT INTO tbl_municipios (cod_municipio, desc_municipio, id_departamento, latittud_munic, longitud_munic) VALUES ('0403', 'CONCEPCIÓN', 4, '', '');
INSERT INTO tbl_municipios (cod_municipio, desc_municipio, id_departamento, latittud_munic, longitud_munic) VALUES ('0404', 'COPÁN RUINAS', 4, '', '');
INSERT INTO tbl_municipios (cod_municipio, desc_municipio, id_departamento, latittud_munic, longitud_munic) VALUES ('0405', 'CORQUÍN', 4, '', '');
INSERT INTO tbl_municipios (cod_municipio, desc_municipio, id_departamento, latittud_munic, longitud_munic) VALUES ('0406', 'CUCUYAGUA', 4, '', '');
INSERT INTO tbl_municipios (cod_municipio, desc_municipio, id_departamento, latittud_munic, longitud_munic) VALUES ('0407', 'DOLORES', 4, '', '');
INSERT INTO tbl_municipios (cod_municipio, desc_municipio, id_departamento, latittud_munic, longitud_munic) VALUES ('0408', 'DULCE NOMBRE', 4, '', '');
INSERT INTO tbl_municipios (cod_municipio, desc_municipio, id_departamento, latittud_munic, longitud_munic) VALUES ('0409', 'EL PARAÍSO', 4, '', '');
INSERT INTO tbl_municipios (cod_municipio, desc_municipio, id_departamento, latittud_munic, longitud_munic) VALUES ('0410', 'FLORIDA', 4, '', '');
INSERT INTO tbl_municipios (cod_municipio, desc_municipio, id_departamento, latittud_munic, longitud_munic) VALUES ('0411', 'LA JIGUA', 4, '', '');
INSERT INTO tbl_municipios (cod_municipio, desc_municipio, id_departamento, latittud_munic, longitud_munic) VALUES ('0412', 'LA UNIÓN', 4, '', '');
INSERT INTO tbl_municipios (cod_municipio, desc_municipio, id_departamento, latittud_munic, longitud_munic) VALUES ('0413', 'NUEVA ARCADIA', 4, '', '');
INSERT INTO tbl_municipios (cod_municipio, desc_municipio, id_departamento, latittud_munic, longitud_munic) VALUES ('0414', 'SAN AGUSTÍN', 4, '', '');
INSERT INTO tbl_municipios (cod_municipio, desc_municipio, id_departamento, latittud_munic, longitud_munic) VALUES ('0415', 'SAN ANTONIO', 4, '', '');
INSERT INTO tbl_municipios (cod_municipio, desc_municipio, id_departamento, latittud_munic, longitud_munic) VALUES ('0416', 'SAN JERÓNIMO', 4, '', '');
INSERT INTO tbl_municipios (cod_municipio, desc_municipio, id_departamento, latittud_munic, longitud_munic) VALUES ('0417', 'SAN JOSÉ', 4, '', '');
INSERT INTO tbl_municipios (cod_municipio, desc_municipio, id_departamento, latittud_munic, longitud_munic) VALUES ('0418', 'SAN JUAN DE OPOA', 4, '', '');
INSERT INTO tbl_municipios (cod_municipio, desc_municipio, id_departamento, latittud_munic, longitud_munic) VALUES ('0419', 'SAN NICOLÁS', 4, '', '');
INSERT INTO tbl_municipios (cod_municipio, desc_municipio, id_departamento, latittud_munic, longitud_munic) VALUES ('0420', 'SAN PEDRO', 4, '', '');
INSERT INTO tbl_municipios (cod_municipio, desc_municipio, id_departamento, latittud_munic, longitud_munic) VALUES ('0421', 'SANTA RITA', 4, '', '');
INSERT INTO tbl_municipios (cod_municipio, desc_municipio, id_departamento, latittud_munic, longitud_munic) VALUES ('0422', 'TRINIDAD', 4, '', '');
INSERT INTO tbl_municipios (cod_municipio, desc_municipio, id_departamento, latittud_munic, longitud_munic) VALUES ('0423', 'VERACRUZ', 4, '', '');
INSERT INTO tbl_municipios (cod_municipio, desc_municipio, id_departamento, latittud_munic, longitud_munic) VALUES ('0501', 'SAN PEDRO SULA', 5, '', '');
INSERT INTO tbl_municipios (cod_municipio, desc_municipio, id_departamento, latittud_munic, longitud_munic) VALUES ('0502', 'CHOLOMA', 5, '', '');
INSERT INTO tbl_municipios (cod_municipio, desc_municipio, id_departamento, latittud_munic, longitud_munic) VALUES ('0503', 'OMOA', 5, '', '');
INSERT INTO tbl_municipios (cod_municipio, desc_municipio, id_departamento, latittud_munic, longitud_munic) VALUES ('0504', 'PIMIENTA', 5, '', '');
INSERT INTO tbl_municipios (cod_municipio, desc_municipio, id_departamento, latittud_munic, longitud_munic) VALUES ('0505', 'POTRERILLOS', 5, '', '');
INSERT INTO tbl_municipios (cod_municipio, desc_municipio, id_departamento, latittud_munic, longitud_munic) VALUES ('0506', 'PUERTO CORTÉS', 5, '', '');
INSERT INTO tbl_municipios (cod_municipio, desc_municipio, id_departamento, latittud_munic, longitud_munic) VALUES ('0507', 'S. ANTONIO DE CORTÉS', 5, '', '');
INSERT INTO tbl_municipios (cod_municipio, desc_municipio, id_departamento, latittud_munic, longitud_munic) VALUES ('0508', 'SAN FCO. DE YOJOA', 5, '', '');
INSERT INTO tbl_municipios (cod_municipio, desc_municipio, id_departamento, latittud_munic, longitud_munic) VALUES ('0509', 'SAN MANUEL', 5, '', '');
INSERT INTO tbl_municipios (cod_municipio, desc_municipio, id_departamento, latittud_munic, longitud_munic) VALUES ('0510', 'STA. CRUZ DE YOJOA', 5, '', '');
INSERT INTO tbl_municipios (cod_municipio, desc_municipio, id_departamento, latittud_munic, longitud_munic) VALUES ('0511', 'VILLANUEVA', 5, '', '');
INSERT INTO tbl_municipios (cod_municipio, desc_municipio, id_departamento, latittud_munic, longitud_munic) VALUES ('0512', 'LA LIMA', 5, '', '');
INSERT INTO tbl_municipios (cod_municipio, desc_municipio, id_departamento, latittud_munic, longitud_munic) VALUES ('0601', 'CHOLUTECA', 6, '', '');
INSERT INTO tbl_municipios (cod_municipio, desc_municipio, id_departamento, latittud_munic, longitud_munic) VALUES ('0602', 'APACILAGUA', 6, '', '');
INSERT INTO tbl_municipios (cod_municipio, desc_municipio, id_departamento, latittud_munic, longitud_munic) VALUES ('0603', 'CONCEPCIÓN DE MARÍA', 6, '', '');
INSERT INTO tbl_municipios (cod_municipio, desc_municipio, id_departamento, latittud_munic, longitud_munic) VALUES ('0604', 'DUYURE', 6, '', '');
INSERT INTO tbl_municipios (cod_municipio, desc_municipio, id_departamento, latittud_munic, longitud_munic) VALUES ('0605', 'EL CORPUS', 6, '', '');
INSERT INTO tbl_municipios (cod_municipio, desc_municipio, id_departamento, latittud_munic, longitud_munic) VALUES ('0606', 'EL TRIUNFO', 6, '', '');
INSERT INTO tbl_municipios (cod_municipio, desc_municipio, id_departamento, latittud_munic, longitud_munic) VALUES ('0607', 'MARCOVIA', 6, '', '');
INSERT INTO tbl_municipios (cod_municipio, desc_municipio, id_departamento, latittud_munic, longitud_munic) VALUES ('0608', 'MOROLICA', 6, '', '');
INSERT INTO tbl_municipios (cod_municipio, desc_municipio, id_departamento, latittud_munic, longitud_munic) VALUES ('0609', 'NAMASIGÜE', 6, '', '');
INSERT INTO tbl_municipios (cod_municipio, desc_municipio, id_departamento, latittud_munic, longitud_munic) VALUES ('0610', 'OROCUINA', 6, '', '');
INSERT INTO tbl_municipios (cod_municipio, desc_municipio, id_departamento, latittud_munic, longitud_munic) VALUES ('0611', 'PESPIRE', 6, '', '');
INSERT INTO tbl_municipios (cod_municipio, desc_municipio, id_departamento, latittud_munic, longitud_munic) VALUES ('0612', 'S. ANTONIO DE FLORES', 6, '', '');
INSERT INTO tbl_municipios (cod_municipio, desc_municipio, id_departamento, latittud_munic, longitud_munic) VALUES ('0613', 'SAN ISIDRO', 6, '', '');
INSERT INTO tbl_municipios (cod_municipio, desc_municipio, id_departamento, latittud_munic, longitud_munic) VALUES ('0614', 'SAN JOSÉ', 6, '', '');
INSERT INTO tbl_municipios (cod_municipio, desc_municipio, id_departamento, latittud_munic, longitud_munic) VALUES ('0615', 'S. MARCOS DE COLÓN', 6, '', '');
INSERT INTO tbl_municipios (cod_municipio, desc_municipio, id_departamento, latittud_munic, longitud_munic) VALUES ('0616', 'STA. ANA DE YUSGUARE', 6, '', '');
INSERT INTO tbl_municipios (cod_municipio, desc_municipio, id_departamento, latittud_munic, longitud_munic) VALUES ('0701', 'YUSCARÁN', 7, '', '');
INSERT INTO tbl_municipios (cod_municipio, desc_municipio, id_departamento, latittud_munic, longitud_munic) VALUES ('0702', 'ALAUCA', 7, '', '');
INSERT INTO tbl_municipios (cod_municipio, desc_municipio, id_departamento, latittud_munic, longitud_munic) VALUES ('0703', 'DANLÍ', 7, '', '');
INSERT INTO tbl_municipios (cod_municipio, desc_municipio, id_departamento, latittud_munic, longitud_munic) VALUES ('0704', 'EL PARAÍSO', 7, '', '');
INSERT INTO tbl_municipios (cod_municipio, desc_municipio, id_departamento, latittud_munic, longitud_munic) VALUES ('0705', 'GÜINOPE', 7, '', '');
INSERT INTO tbl_municipios (cod_municipio, desc_municipio, id_departamento, latittud_munic, longitud_munic) VALUES ('0706', 'JACALEAPA', 7, '', '');
INSERT INTO tbl_municipios (cod_municipio, desc_municipio, id_departamento, latittud_munic, longitud_munic) VALUES ('0707', 'LIURE', 7, '', '');
INSERT INTO tbl_municipios (cod_municipio, desc_municipio, id_departamento, latittud_munic, longitud_munic) VALUES ('0708', 'MOROCELÍ', 7, '', '');
INSERT INTO tbl_municipios (cod_municipio, desc_municipio, id_departamento, latittud_munic, longitud_munic) VALUES ('0709', 'OROPOLÍ', 7, '', '');
INSERT INTO tbl_municipios (cod_municipio, desc_municipio, id_departamento, latittud_munic, longitud_munic) VALUES ( '0710', 'POTRERILLOS', 7, '', '');
INSERT INTO tbl_municipios (cod_municipio, desc_municipio, id_departamento, latittud_munic, longitud_munic) VALUES ( '0711', 'S. ANTONIO DE FLORES', 7, '', '');
INSERT INTO tbl_municipios (cod_municipio, desc_municipio, id_departamento, latittud_munic, longitud_munic) VALUES ( '0712', 'SAN LUCAS', 7, '', '');
INSERT INTO tbl_municipios (cod_municipio, desc_municipio, id_departamento, latittud_munic, longitud_munic) VALUES ( '0713', 'SAN MATÍAS', 7, '', '');
INSERT INTO tbl_municipios (cod_municipio, desc_municipio, id_departamento, latittud_munic, longitud_munic) VALUES ( '0714', 'SOLEDAD', 7, '', '');
INSERT INTO tbl_municipios (cod_municipio, desc_municipio, id_departamento, latittud_munic, longitud_munic) VALUES ( '0715', 'TEUPASENTI', 7, '', '');
INSERT INTO tbl_municipios (cod_municipio, desc_municipio, id_departamento, latittud_munic, longitud_munic) VALUES ( '0716', 'TEXIGUAT', 7, '', '');
INSERT INTO tbl_municipios (cod_municipio, desc_municipio, id_departamento, latittud_munic, longitud_munic) VALUES ( '0717', 'VADO ANCHO', 7, '', '');
INSERT INTO tbl_municipios (cod_municipio, desc_municipio, id_departamento, latittud_munic, longitud_munic) VALUES ( '0718', 'YAUYUPE', 7, '', '');
INSERT INTO tbl_municipios (cod_municipio, desc_municipio, id_departamento, latittud_munic, longitud_munic) VALUES ( '0719', 'TROJES', 7, '', '');
INSERT INTO tbl_municipios (cod_municipio, desc_municipio, id_departamento, latittud_munic, longitud_munic) VALUES ( '0801', 'DISTRITO CENTRAL', 8, '', '');
INSERT INTO tbl_municipios (cod_municipio, desc_municipio, id_departamento, latittud_munic, longitud_munic) VALUES ( '0802', 'ALUBARÉN', 8, '', '');
INSERT INTO tbl_municipios (cod_municipio, desc_municipio, id_departamento, latittud_munic, longitud_munic) VALUES ( '0803', 'CEDROS', 8, '', '');
INSERT INTO tbl_municipios (cod_municipio, desc_municipio, id_departamento, latittud_munic, longitud_munic) VALUES ( '0804', 'CURARÉN', 8, '', '');
INSERT INTO tbl_municipios (cod_municipio, desc_municipio, id_departamento, latittud_munic, longitud_munic) VALUES ( '0805', 'EL PROVENIR', 8, '', '');
INSERT INTO tbl_municipios (cod_municipio, desc_municipio, id_departamento, latittud_munic, longitud_munic) VALUES ( '0806', 'GUAIMACA', 8, '', '');
INSERT INTO tbl_municipios (cod_municipio, desc_municipio, id_departamento, latittud_munic, longitud_munic) VALUES ( '0807', 'LA LIBERTAD', 8, '', '');
INSERT INTO tbl_municipios (cod_municipio, desc_municipio, id_departamento, latittud_munic, longitud_munic) VALUES ( '0808', 'LA VENTA', 8, '', '');
INSERT INTO tbl_municipios (cod_municipio, desc_municipio, id_departamento, latittud_munic, longitud_munic) VALUES ( '0809', 'LEPATERIQUE', 8, '', '');
INSERT INTO tbl_municipios (cod_municipio, desc_municipio, id_departamento, latittud_munic, longitud_munic) VALUES ( '0810', 'MARAITA', 8, '', '');
INSERT INTO tbl_municipios (cod_municipio, desc_municipio, id_departamento, latittud_munic, longitud_munic) VALUES ( '0811', 'MARALE', 8, '', '');
INSERT INTO tbl_municipios (cod_municipio, desc_municipio, id_departamento, latittud_munic, longitud_munic) VALUES ( '0812', 'NUEVA AREMNIA', 8, '', '');
INSERT INTO tbl_municipios (cod_municipio, desc_municipio, id_departamento, latittud_munic, longitud_munic) VALUES ( '0813', 'OJOJONA', 8, '', '');
INSERT INTO tbl_municipios (cod_municipio, desc_municipio, id_departamento, latittud_munic, longitud_munic) VALUES ( '0814', 'ORICA', 8, '', '');
INSERT INTO tbl_municipios (cod_municipio, desc_municipio, id_departamento, latittud_munic, longitud_munic) VALUES ( '0815', 'REITOCA', 8, '', '');
INSERT INTO tbl_municipios (cod_municipio, desc_municipio, id_departamento, latittud_munic, longitud_munic) VALUES ( '0816', 'SABANAGRANDE', 8, '', '');
INSERT INTO tbl_municipios (cod_municipio, desc_municipio, id_departamento, latittud_munic, longitud_munic) VALUES ( '0817', 'S. ANTONIO DE ORIENTE', 8, '', '');
INSERT INTO tbl_municipios (cod_municipio, desc_municipio, id_departamento, latittud_munic, longitud_munic) VALUES ( '0818', 'SAN BUENAVENTURA', 8, '', '');
INSERT INTO tbl_municipios (cod_municipio, desc_municipio, id_departamento, latittud_munic, longitud_munic) VALUES ( '0819', 'SAN IGNACIO', 8, '', '');
INSERT INTO tbl_municipios (cod_municipio, desc_municipio, id_departamento, latittud_munic, longitud_munic) VALUES ( '0820', 'SAN JUAN DE FLORES', 8, '', '');
INSERT INTO tbl_municipios (cod_municipio, desc_municipio, id_departamento, latittud_munic, longitud_munic) VALUES ( '0821', 'SAN MIGUELITO', 8, '', '');
INSERT INTO tbl_municipios (cod_municipio, desc_municipio, id_departamento, latittud_munic, longitud_munic) VALUES ( '0822', 'SANTA ANA', 8, '', '');
INSERT INTO tbl_municipios (cod_municipio, desc_municipio, id_departamento, latittud_munic, longitud_munic) VALUES ( '0823', 'SANTA LUCÍA', 8, '', '');
INSERT INTO tbl_municipios (cod_municipio, desc_municipio, id_departamento, latittud_munic, longitud_munic) VALUES ( '0824', 'TALANGA', 8, '', '');
INSERT INTO tbl_municipios (cod_municipio, desc_municipio, id_departamento, latittud_munic, longitud_munic) VALUES ( '0825', 'TATUMBLA', 8, '', '');
INSERT INTO tbl_municipios (cod_municipio, desc_municipio, id_departamento, latittud_munic, longitud_munic) VALUES ( '0826', 'VALLE DE ÁNGELES', 8, '', '');
INSERT INTO tbl_municipios (cod_municipio, desc_municipio, id_departamento, latittud_munic, longitud_munic) VALUES ( '0827', 'VILLA DE SAN FRANCISCO', 8, '', '');
INSERT INTO tbl_municipios (cod_municipio, desc_municipio, id_departamento, latittud_munic, longitud_munic) VALUES ( '0828', 'VALLECILLO', 8, '', '');
INSERT INTO tbl_municipios (cod_municipio, desc_municipio, id_departamento, latittud_munic, longitud_munic) VALUES ( '0901', 'PUERTO LEMPIRA', 9, '', '');
INSERT INTO tbl_municipios (cod_municipio, desc_municipio, id_departamento, latittud_munic, longitud_munic) VALUES ( '0902', 'BRUS LAGUNA', 9, '', '');
INSERT INTO tbl_municipios (cod_municipio, desc_municipio, id_departamento, latittud_munic, longitud_munic) VALUES ( '0903', 'AHUAS', 9, '', '');
INSERT INTO tbl_municipios (cod_municipio, desc_municipio, id_departamento, latittud_munic, longitud_munic) VALUES ( '0904', 'JUAN FRANCISCO BULNES', 9, '', '');
INSERT INTO tbl_municipios (cod_municipio, desc_municipio, id_departamento, latittud_munic, longitud_munic) VALUES ( '0905', 'VILLEDA MORALES', 9, '', '');
INSERT INTO tbl_municipios (cod_municipio, desc_municipio, id_departamento, latittud_munic, longitud_munic) VALUES ( '0906', 'WAMPUSIRPE', 9, '', '');
INSERT INTO tbl_municipios (cod_municipio, desc_municipio, id_departamento, latittud_munic, longitud_munic) VALUES ( '1001', 'LA ESPERANZA', 10, '', '');
INSERT INTO tbl_municipios (cod_municipio, desc_municipio, id_departamento, latittud_munic, longitud_munic) VALUES ( '1002', 'CAMASCA', 10, '', '');
INSERT INTO tbl_municipios (cod_municipio, desc_municipio, id_departamento, latittud_munic, longitud_munic) VALUES ( '1003', 'COLOMONCAGUA', 10, '', '');
INSERT INTO tbl_municipios (cod_municipio, desc_municipio, id_departamento, latittud_munic, longitud_munic) VALUES ( '1004', 'CONCEPCIÓN', 10, '', '');
INSERT INTO tbl_municipios (cod_municipio, desc_municipio, id_departamento, latittud_munic, longitud_munic) VALUES ( '1005', 'DOLORES', 10, '', '');
INSERT INTO tbl_municipios (cod_municipio, desc_municipio, id_departamento, latittud_munic, longitud_munic) VALUES ( '1006', 'INTIBUCÁ', 10, '', '');
INSERT INTO tbl_municipios (cod_municipio, desc_municipio, id_departamento, latittud_munic, longitud_munic) VALUES ( '1007', 'JESÚS DE OTORO', 10, '', '');
INSERT INTO tbl_municipios (cod_municipio, desc_municipio, id_departamento, latittud_munic, longitud_munic) VALUES ( '1008', 'MAGDALENA', 10, '', '');
INSERT INTO tbl_municipios (cod_municipio, desc_municipio, id_departamento, latittud_munic, longitud_munic) VALUES ( '1009', 'MASAGUARA', 10, '', '');
INSERT INTO tbl_municipios (cod_municipio, desc_municipio, id_departamento, latittud_munic, longitud_munic) VALUES ( '1010', 'SAN ANTONIO', 10, '', '');
INSERT INTO tbl_municipios (cod_municipio, desc_municipio, id_departamento, latittud_munic, longitud_munic) VALUES ( '1011', 'SAN ISIDRO', 10, '', '');
INSERT INTO tbl_municipios (cod_municipio, desc_municipio, id_departamento, latittud_munic, longitud_munic) VALUES ( '1012', 'SAN JUAN DE FLORES', 10, '', '');
INSERT INTO tbl_municipios (cod_municipio, desc_municipio, id_departamento, latittud_munic, longitud_munic) VALUES ( '1013', 'S. MARCOS DE LA SIERRA', 10, '', '');
INSERT INTO tbl_municipios (cod_municipio, desc_municipio, id_departamento, latittud_munic, longitud_munic) VALUES ( '1014', 'S. MIGUEL GUANCAPLA', 10, '', '');
INSERT INTO tbl_municipios (cod_municipio, desc_municipio, id_departamento, latittud_munic, longitud_munic) VALUES ( '1015', 'SANTA LUCÍA', 10, '', '');
INSERT INTO tbl_municipios (cod_municipio, desc_municipio, id_departamento, latittud_munic, longitud_munic) VALUES ( '1016', 'YAMARANGUILA', 10, '', '');
INSERT INTO tbl_municipios (cod_municipio, desc_municipio, id_departamento, latittud_munic, longitud_munic) VALUES ( '1017', 'S. FRANCISCO OPALACA', 10, '', '');
INSERT INTO tbl_municipios (cod_municipio, desc_municipio, id_departamento, latittud_munic, longitud_munic) VALUES ( '1101', 'ROATÁN', 11, '', '');
INSERT INTO tbl_municipios (cod_municipio, desc_municipio, id_departamento, latittud_munic, longitud_munic) VALUES ( '1102', 'GUANAJA', 11, '', '');
INSERT INTO tbl_municipios (cod_municipio, desc_municipio, id_departamento, latittud_munic, longitud_munic) VALUES ( '1103', 'J. SANTOS GUARDIOLA', 11, '', '');
INSERT INTO tbl_municipios (cod_municipio, desc_municipio, id_departamento, latittud_munic, longitud_munic) VALUES ( '1104', 'UTILA', 11, '', '');
INSERT INTO tbl_municipios (cod_municipio, desc_municipio, id_departamento, latittud_munic, longitud_munic) VALUES ( '1201', 'LA PAZ', 12, '', '');
INSERT INTO tbl_municipios (cod_municipio, desc_municipio, id_departamento, latittud_munic, longitud_munic) VALUES ( '1202', 'AGUANQUETERIQUE', 12, '', '');
INSERT INTO tbl_municipios (cod_municipio, desc_municipio, id_departamento, latittud_munic, longitud_munic) VALUES ( '1203', 'CABAÑAS', 12, '', '');
INSERT INTO tbl_municipios (cod_municipio, desc_municipio, id_departamento, latittud_munic, longitud_munic) VALUES ( '1204', 'CANE', 12, '', '');
INSERT INTO tbl_municipios (cod_municipio, desc_municipio, id_departamento, latittud_munic, longitud_munic) VALUES ( '1205', 'CHINACLA', 12, '', '');
INSERT INTO tbl_municipios (cod_municipio, desc_municipio, id_departamento, latittud_munic, longitud_munic) VALUES ( '1206', 'GUAJIQUIRO', 12, '', '');
INSERT INTO tbl_municipios (cod_municipio, desc_municipio, id_departamento, latittud_munic, longitud_munic) VALUES ( '1207', 'LAUTERIQUE', 12, '', '');
INSERT INTO tbl_municipios (cod_municipio, desc_municipio, id_departamento, latittud_munic, longitud_munic) VALUES ( '1208', 'MARCALA', 12, '', '');
INSERT INTO tbl_municipios (cod_municipio, desc_municipio, id_departamento, latittud_munic, longitud_munic) VALUES ( '1209', 'MERCEDES DE ORIENTE', 12, '', '');
INSERT INTO tbl_municipios (cod_municipio, desc_municipio, id_departamento, latittud_munic, longitud_munic) VALUES ( '1210', 'OPATORO', 12, '', '');
INSERT INTO tbl_municipios (cod_municipio, desc_municipio, id_departamento, latittud_munic, longitud_munic) VALUES ( '1211', 'S. ANTONIO DEL NORTE', 12, '', '');
INSERT INTO tbl_municipios (cod_municipio, desc_municipio, id_departamento, latittud_munic, longitud_munic) VALUES ( '1212', 'SAN JOSÉ', 12, '', '');
INSERT INTO tbl_municipios (cod_municipio, desc_municipio, id_departamento, latittud_munic, longitud_munic) VALUES ( '1213', 'SAN JUAN', 12, '', '');
INSERT INTO tbl_municipios (cod_municipio, desc_municipio, id_departamento, latittud_munic, longitud_munic) VALUES ( '1214', 'SAN PEDRO DE TUTULE', 12, '', '');
INSERT INTO tbl_municipios (cod_municipio, desc_municipio, id_departamento, latittud_munic, longitud_munic) VALUES ( '1215', 'SANTA ANA', 12, '', '');
INSERT INTO tbl_municipios (cod_municipio, desc_municipio, id_departamento, latittud_munic, longitud_munic) VALUES ( '1216', 'SANTA ELENA', 12, '', '');
INSERT INTO tbl_municipios (cod_municipio, desc_municipio, id_departamento, latittud_munic, longitud_munic) VALUES ( '1217', 'SANTA MARÍA', 12, '', '');
INSERT INTO tbl_municipios (cod_municipio, desc_municipio, id_departamento, latittud_munic, longitud_munic) VALUES ( '1218', 'SANTIAGO PURINGLA', 12, '', '');
INSERT INTO tbl_municipios (cod_municipio, desc_municipio, id_departamento, latittud_munic, longitud_munic) VALUES ( '1219', 'YARULA', 12, '', '');
INSERT INTO tbl_municipios (cod_municipio, desc_municipio, id_departamento, latittud_munic, longitud_munic) VALUES ( '1301', 'GRACIAS', 13, '', '');
INSERT INTO tbl_municipios (cod_municipio, desc_municipio, id_departamento, latittud_munic, longitud_munic) VALUES ( '1302', 'BELÉN', 13, '', '');
INSERT INTO tbl_municipios (cod_municipio, desc_municipio, id_departamento, latittud_munic, longitud_munic) VALUES ( '1303', 'CANDELARIA', 13, '', '');
INSERT INTO tbl_municipios (cod_municipio, desc_municipio, id_departamento, latittud_munic, longitud_munic) VALUES ( '1304', 'COLOLACA', 13, '', '');
INSERT INTO tbl_municipios (cod_municipio, desc_municipio, id_departamento, latittud_munic, longitud_munic) VALUES ( '1305', 'ERANDIQUE', 13, '', '');
INSERT INTO tbl_municipios (cod_municipio, desc_municipio, id_departamento, latittud_munic, longitud_munic) VALUES ( '1306', 'GUALCINSE', 13, '', '');
INSERT INTO tbl_municipios (cod_municipio, desc_municipio, id_departamento, latittud_munic, longitud_munic) VALUES ( '1307', 'GUARITA', 13, '', '');
INSERT INTO tbl_municipios (cod_municipio, desc_municipio, id_departamento, latittud_munic, longitud_munic) VALUES ( '1308', 'LA CAMPA', 13, '', '');
INSERT INTO tbl_municipios (cod_municipio, desc_municipio, id_departamento, latittud_munic, longitud_munic) VALUES ( '1309', 'LA IGUALA', 13, '', '');
INSERT INTO tbl_municipios (cod_municipio, desc_municipio, id_departamento, latittud_munic, longitud_munic) VALUES ( '1310', 'LAS FLORES', 13, '', '');
INSERT INTO tbl_municipios (cod_municipio, desc_municipio, id_departamento, latittud_munic, longitud_munic) VALUES ( '1311', 'LA UNIÓN', 13, '', '');
INSERT INTO tbl_municipios (cod_municipio, desc_municipio, id_departamento, latittud_munic, longitud_munic) VALUES ( '1312', 'LA VIRTUD', 13, '', '');
INSERT INTO tbl_municipios (cod_municipio, desc_municipio, id_departamento, latittud_munic, longitud_munic) VALUES ( '1313', 'LEPAERA', 13, '', '');
INSERT INTO tbl_municipios (cod_municipio, desc_municipio, id_departamento, latittud_munic, longitud_munic) VALUES ( '1314', 'MAPULACA', 13, '', '');
INSERT INTO tbl_municipios (cod_municipio, desc_municipio, id_departamento, latittud_munic, longitud_munic) VALUES ( '1315', 'PIRAERA', 13, '', '');
INSERT INTO tbl_municipios (cod_municipio, desc_municipio, id_departamento, latittud_munic, longitud_munic) VALUES ( '1316', 'SAN ANDRÉS', 13, '', '');
INSERT INTO tbl_municipios (cod_municipio, desc_municipio, id_departamento, latittud_munic, longitud_munic) VALUES ( '1317', 'SAN FRANCISCO', 13, '', '');
INSERT INTO tbl_municipios (cod_municipio, desc_municipio, id_departamento, latittud_munic, longitud_munic) VALUES ( '1318', 'SAN JUAN GUARITA', 13, '', '');
INSERT INTO tbl_municipios (cod_municipio, desc_municipio, id_departamento, latittud_munic, longitud_munic) VALUES ( '1319', 'SAN MANUEL COLOHETE', 13, '', '');
INSERT INTO tbl_municipios (cod_municipio, desc_municipio, id_departamento, latittud_munic, longitud_munic) VALUES ( '1320', 'SAN RAFAEL', 13, '', '');
INSERT INTO tbl_municipios (cod_municipio, desc_municipio, id_departamento, latittud_munic, longitud_munic) VALUES ( '1321', 'SAN SEBASTIÁN', 13, '', '');
INSERT INTO tbl_municipios (cod_municipio, desc_municipio, id_departamento, latittud_munic, longitud_munic) VALUES ( '1322', 'SANTA CRUZ', 13, '', '');
INSERT INTO tbl_municipios (cod_municipio, desc_municipio, id_departamento, latittud_munic, longitud_munic) VALUES ( '1323', 'TALGUA', 13, '', '');
INSERT INTO tbl_municipios (cod_municipio, desc_municipio, id_departamento, latittud_munic, longitud_munic) VALUES ( '1324', 'TAMBLA', 13, '', '');
INSERT INTO tbl_municipios (cod_municipio, desc_municipio, id_departamento, latittud_munic, longitud_munic) VALUES ( '1325', 'TOMALA', 13, '', '');
INSERT INTO tbl_municipios (cod_municipio, desc_municipio, id_departamento, latittud_munic, longitud_munic) VALUES ( '1326', 'VALLADOLID', 13, '', '');
INSERT INTO tbl_municipios (cod_municipio, desc_municipio, id_departamento, latittud_munic, longitud_munic) VALUES ( '1327', 'VIRGINIA', 13, '', '');
INSERT INTO tbl_municipios (cod_municipio, desc_municipio, id_departamento, latittud_munic, longitud_munic) VALUES ( '1328', 'S. MARCOS DE CAIQUÍN', 13, '', '');
INSERT INTO tbl_municipios (cod_municipio, desc_municipio, id_departamento, latittud_munic, longitud_munic) VALUES ( '1401', 'NUEVA OCOTEPEQUE', 14, '', '');
INSERT INTO tbl_municipios (cod_municipio, desc_municipio, id_departamento, latittud_munic, longitud_munic) VALUES ( '1402', 'BELÉN GUALCHO', 14, '', '');
INSERT INTO tbl_municipios (cod_municipio, desc_municipio, id_departamento, latittud_munic, longitud_munic) VALUES ( '1403', 'CONCEPCIÓN', 14, '', '');
INSERT INTO tbl_municipios (cod_municipio, desc_municipio, id_departamento, latittud_munic, longitud_munic) VALUES ( '1404', 'DOLORES MERENDÓN', 14, '', '');
INSERT INTO tbl_municipios (cod_municipio, desc_municipio, id_departamento, latittud_munic, longitud_munic) VALUES ( '1405', 'FRATERNIDAD', 14, '', '');
INSERT INTO tbl_municipios (cod_municipio, desc_municipio, id_departamento, latittud_munic, longitud_munic) VALUES ( '1406', 'LA ENCARNACIÓN', 14, '', '');
INSERT INTO tbl_municipios (cod_municipio, desc_municipio, id_departamento, latittud_munic, longitud_munic) VALUES ( '1407', 'LA LABOR', 14, '', '');
INSERT INTO tbl_municipios (cod_municipio, desc_municipio, id_departamento, latittud_munic, longitud_munic) VALUES ( '1408', 'LUCERNA', 14, '', '');
INSERT INTO tbl_municipios (cod_municipio, desc_municipio, id_departamento, latittud_munic, longitud_munic) VALUES ( '1409', 'MERCEDES', 14, '', '');
INSERT INTO tbl_municipios (cod_municipio, desc_municipio, id_departamento, latittud_munic, longitud_munic) VALUES ( '1410', 'SAN FERNANDO', 14, '', '');
INSERT INTO tbl_municipios (cod_municipio, desc_municipio, id_departamento, latittud_munic, longitud_munic) VALUES ( '1411', 'S. FRANCISCO DEL VALLE', 14, '', '');
INSERT INTO tbl_municipios (cod_municipio, desc_municipio, id_departamento, latittud_munic, longitud_munic) VALUES ( '1412', 'SAN JORGE', 14, '', '');
INSERT INTO tbl_municipios (cod_municipio, desc_municipio, id_departamento, latittud_munic, longitud_munic) VALUES ( '1413', 'SAN MARCOS', 14, '', '');
INSERT INTO tbl_municipios (cod_municipio, desc_municipio, id_departamento, latittud_munic, longitud_munic) VALUES ( '1414', 'SANTA FE', 14, '', '');
INSERT INTO tbl_municipios (cod_municipio, desc_municipio, id_departamento, latittud_munic, longitud_munic) VALUES ( '1415', 'SENSENTI', 14, '', '');
INSERT INTO tbl_municipios (cod_municipio, desc_municipio, id_departamento, latittud_munic, longitud_munic) VALUES ( '1416', 'SINUAPA', 14, '', '');
INSERT INTO tbl_municipios (cod_municipio, desc_municipio, id_departamento, latittud_munic, longitud_munic) VALUES ( '1501', 'JUTICALPA', 15, '', '');
INSERT INTO tbl_municipios (cod_municipio, desc_municipio, id_departamento, latittud_munic, longitud_munic) VALUES ( '1502', 'CAMPAMENTO', 15, '', '');
INSERT INTO tbl_municipios (cod_municipio, desc_municipio, id_departamento, latittud_munic, longitud_munic) VALUES ( '1503', 'CATACAMAS', 15, '', '');
INSERT INTO tbl_municipios (cod_municipio, desc_municipio, id_departamento, latittud_munic, longitud_munic) VALUES ( '1504', 'CONCORDIA', 15, '', '');
INSERT INTO tbl_municipios (cod_municipio, desc_municipio, id_departamento, latittud_munic, longitud_munic) VALUES ( '1505', 'DULCE NOMBRE DE CULMÍ', 15, '', '');
INSERT INTO tbl_municipios (cod_municipio, desc_municipio, id_departamento, latittud_munic, longitud_munic) VALUES ( '1506', 'EL ROSARIO', 15, '', '');
INSERT INTO tbl_municipios (cod_municipio, desc_municipio, id_departamento, latittud_munic, longitud_munic) VALUES ( '1507', 'ESQUIPULAS DEL NORTE', 15, '', '');
INSERT INTO tbl_municipios (cod_municipio, desc_municipio, id_departamento, latittud_munic, longitud_munic) VALUES ( '1508', 'GUALACO', 15, '', '');
INSERT INTO tbl_municipios (cod_municipio, desc_municipio, id_departamento, latittud_munic, longitud_munic) VALUES ( '1509', 'GUARIZAMA', 15, '', '');
INSERT INTO tbl_municipios (cod_municipio, desc_municipio, id_departamento, latittud_munic, longitud_munic) VALUES ( '1510', 'GUATA', 15, '', '');
INSERT INTO tbl_municipios (cod_municipio, desc_municipio, id_departamento, latittud_munic, longitud_munic) VALUES ( '1511', 'GUAYAPE', 15, '', '');
INSERT INTO tbl_municipios (cod_municipio, desc_municipio, id_departamento, latittud_munic, longitud_munic) VALUES ( '1512', 'JANO', 15, '', '');
INSERT INTO tbl_municipios (cod_municipio, desc_municipio, id_departamento, latittud_munic, longitud_munic) VALUES ( '1513', 'LA UNIÓN', 15, '', '');
INSERT INTO tbl_municipios (cod_municipio, desc_municipio, id_departamento, latittud_munic, longitud_munic) VALUES ( '1514', 'MANGULILE', 15, '', '');
INSERT INTO tbl_municipios (cod_municipio, desc_municipio, id_departamento, latittud_munic, longitud_munic) VALUES ( '1515', 'MANTO', 15, '', '');
INSERT INTO tbl_municipios (cod_municipio, desc_municipio, id_departamento, latittud_munic, longitud_munic) VALUES ( '1516', 'SALAMÁ', 15, '', '');
INSERT INTO tbl_municipios (cod_municipio, desc_municipio, id_departamento, latittud_munic, longitud_munic) VALUES ( '1517', 'SAN ESTEBAN', 15, '', '');
INSERT INTO tbl_municipios (cod_municipio, desc_municipio, id_departamento, latittud_munic, longitud_munic) VALUES ( '1518', 'S. FRANCISCO DE BECERRA', 15, '', '');
INSERT INTO tbl_municipios (cod_municipio, desc_municipio, id_departamento, latittud_munic, longitud_munic) VALUES ( '1519', 'S. FRANCISCO DE LA PAZ', 15, '', '');
INSERT INTO tbl_municipios (cod_municipio, desc_municipio, id_departamento, latittud_munic, longitud_munic) VALUES ( '1520', 'SANTA MARÍA DEL REAL', 15, '', '');
INSERT INTO tbl_municipios (cod_municipio, desc_municipio, id_departamento, latittud_munic, longitud_munic) VALUES ( '1521', 'SILCA', 15, '', '');
INSERT INTO tbl_municipios (cod_municipio, desc_municipio, id_departamento, latittud_munic, longitud_munic) VALUES ( '1522', 'YOCÓN', 15, '', '');
INSERT INTO tbl_municipios (cod_municipio, desc_municipio, id_departamento, latittud_munic, longitud_munic) VALUES ( '1523', 'FROYLAN TURCIOS', 15, '', '');
INSERT INTO tbl_municipios (cod_municipio, desc_municipio, id_departamento, latittud_munic, longitud_munic) VALUES ( '1601', 'SANTA BÁRBARA', 16, '', '');
INSERT INTO tbl_municipios (cod_municipio, desc_municipio, id_departamento, latittud_munic, longitud_munic) VALUES ( '1602', 'ARADA', 16, '', '');
INSERT INTO tbl_municipios (cod_municipio, desc_municipio, id_departamento, latittud_munic, longitud_munic) VALUES ( '1603', 'ATIMA', 16, '', '');
INSERT INTO tbl_municipios (cod_municipio, desc_municipio, id_departamento, latittud_munic, longitud_munic) VALUES ( '1604', 'AZACUALPA', 16, '', '');
INSERT INTO tbl_municipios (cod_municipio, desc_municipio, id_departamento, latittud_munic, longitud_munic) VALUES ( '1605', 'CEGUACA', 16, '', '');
INSERT INTO tbl_municipios (cod_municipio, desc_municipio, id_departamento, latittud_munic, longitud_munic) VALUES ( '1606', 'COLINAS', 16, '', '');
INSERT INTO tbl_municipios (cod_municipio, desc_municipio, id_departamento, latittud_munic, longitud_munic) VALUES ( '1607', 'CONCEPCIÓN DEL NORTE', 16, '', '');
INSERT INTO tbl_municipios (cod_municipio, desc_municipio, id_departamento, latittud_munic, longitud_munic) VALUES ( '1608', 'CONCEPPCIÓN DEL SUR', 16, '', '');
INSERT INTO tbl_municipios (cod_municipio, desc_municipio, id_departamento, latittud_munic, longitud_munic) VALUES ( '1609', 'CHINDA', 16, '', '');
INSERT INTO tbl_municipios (cod_municipio, desc_municipio, id_departamento, latittud_munic, longitud_munic) VALUES ( '1610', 'EL NÍSPERO', 16, '', '');
INSERT INTO tbl_municipios (cod_municipio, desc_municipio, id_departamento, latittud_munic, longitud_munic) VALUES ( '1611', 'GUALALA', 16, '', '');
INSERT INTO tbl_municipios (cod_municipio, desc_municipio, id_departamento, latittud_munic, longitud_munic) VALUES ( '1612', 'ILAMA', 16, '', '');
INSERT INTO tbl_municipios (cod_municipio, desc_municipio, id_departamento, latittud_munic, longitud_munic) VALUES ( '1613', 'MACUELIZO', 16, '', '');
INSERT INTO tbl_municipios (cod_municipio, desc_municipio, id_departamento, latittud_munic, longitud_munic) VALUES ( '1614', 'NARANJITO', 16, '', '');
INSERT INTO tbl_municipios (cod_municipio, desc_municipio, id_departamento, latittud_munic, longitud_munic) VALUES ( '1615', 'NUEVA CELILAC', 16, '', '');
INSERT INTO tbl_municipios (cod_municipio, desc_municipio, id_departamento, latittud_munic, longitud_munic) VALUES ( '1616', 'PETOA', 16, '', '');
INSERT INTO tbl_municipios (cod_municipio, desc_municipio, id_departamento, latittud_munic, longitud_munic) VALUES ( '1617', 'PROTECCIÓN', 16, '', '');
INSERT INTO tbl_municipios (cod_municipio, desc_municipio, id_departamento, latittud_munic, longitud_munic) VALUES ( '1618', 'QUIMISTÁN', 16, '', '');
INSERT INTO tbl_municipios (cod_municipio, desc_municipio, id_departamento, latittud_munic, longitud_munic) VALUES ( '1619', 'S. FRANCISCO DE OJUERA', 16, '', '');
INSERT INTO tbl_municipios (cod_municipio, desc_municipio, id_departamento, latittud_munic, longitud_munic) VALUES ( '1620', 'SAN LUIS', 16, '', '');
INSERT INTO tbl_municipios (cod_municipio, desc_municipio, id_departamento, latittud_munic, longitud_munic) VALUES ( '1621', 'SAN MARCOS', 16, '', '');
INSERT INTO tbl_municipios (cod_municipio, desc_municipio, id_departamento, latittud_munic, longitud_munic) VALUES ( '1622', 'SAN NICOLÁS', 16, '', '');
INSERT INTO tbl_municipios (cod_municipio, desc_municipio, id_departamento, latittud_munic, longitud_munic) VALUES ( '1623', 'SAN PEDRO ZACAPA', 16, '', '');
INSERT INTO tbl_municipios (cod_municipio, desc_municipio, id_departamento, latittud_munic, longitud_munic) VALUES ( '1624', 'SANTA RITA', 16, '', '');
INSERT INTO tbl_municipios (cod_municipio, desc_municipio, id_departamento, latittud_munic, longitud_munic) VALUES ( '1625', 'S. VICENTE CENTENARIO', 16, '', '');
INSERT INTO tbl_municipios (cod_municipio, desc_municipio, id_departamento, latittud_munic, longitud_munic) VALUES ( '1626', 'TRINIDAD', 16, '', '');
INSERT INTO tbl_municipios (cod_municipio, desc_municipio, id_departamento, latittud_munic, longitud_munic) VALUES ( '1627', 'LAS VEGAS', 16, '', '');
INSERT INTO tbl_municipios (cod_municipio, desc_municipio, id_departamento, latittud_munic, longitud_munic) VALUES ( '1628', 'NUEVA FRONTERA', 16, '', '');
INSERT INTO tbl_municipios (cod_municipio, desc_municipio, id_departamento, latittud_munic, longitud_munic) VALUES ( '1701', 'NACAOME', 17, '', '');
INSERT INTO tbl_municipios (cod_municipio, desc_municipio, id_departamento, latittud_munic, longitud_munic) VALUES ( '1702', 'ALIANZA', 17, '', '');
INSERT INTO tbl_municipios (cod_municipio, desc_municipio, id_departamento, latittud_munic, longitud_munic) VALUES ( '1703', 'AMAPALA', 17, '', '');
INSERT INTO tbl_municipios (cod_municipio, desc_municipio, id_departamento, latittud_munic, longitud_munic) VALUES ( '1704', 'ARAMECINA', 17, '', '');
INSERT INTO tbl_municipios (cod_municipio, desc_municipio, id_departamento, latittud_munic, longitud_munic) VALUES ( '1705', 'CARIDAD', 17, '', '');
INSERT INTO tbl_municipios (cod_municipio, desc_municipio, id_departamento, latittud_munic, longitud_munic) VALUES ( '1706', 'GOASCORÁN', 17, '', '');
INSERT INTO tbl_municipios (cod_municipio, desc_municipio, id_departamento, latittud_munic, longitud_munic) VALUES ( '1707', 'LANGUE', 17, '', '');
INSERT INTO tbl_municipios (cod_municipio, desc_municipio, id_departamento, latittud_munic, longitud_munic) VALUES ( '1708', 'SAN FCO. DE CORAY', 17, '', '');
INSERT INTO tbl_municipios (cod_municipio, desc_municipio, id_departamento, latittud_munic, longitud_munic) VALUES ( '1709', 'SAN LORENZO', 17, '', '');
INSERT INTO tbl_municipios (cod_municipio, desc_municipio, id_departamento, latittud_munic, longitud_munic) VALUES ( '1801', 'YORO', 18, '', '');
INSERT INTO tbl_municipios (cod_municipio, desc_municipio, id_departamento, latittud_munic, longitud_munic) VALUES ( '1802', 'ARENAL', 18, '', '');
INSERT INTO tbl_municipios (cod_municipio, desc_municipio, id_departamento, latittud_munic, longitud_munic) VALUES ( '1803', 'EL NEGRITA', 18, '', '');
INSERT INTO tbl_municipios (cod_municipio, desc_municipio, id_departamento, latittud_munic, longitud_munic) VALUES ( '1804', 'EL PROGRESO', 18, '', '');
INSERT INTO tbl_municipios (cod_municipio, desc_municipio, id_departamento, latittud_munic, longitud_munic) VALUES ( '1805', 'JOCÓN', 18, '', '');
INSERT INTO tbl_municipios (cod_municipio, desc_municipio, id_departamento, latittud_munic, longitud_munic) VALUES ( '1806', 'MORAZÁN', 18, '', '');
INSERT INTO tbl_municipios (cod_municipio, desc_municipio, id_departamento, latittud_munic, longitud_munic) VALUES ( '1807', 'OLANCHITO', 18, '', '');
INSERT INTO tbl_municipios (cod_municipio, desc_municipio, id_departamento, latittud_munic, longitud_munic) VALUES ( '1808', 'SANTA RITA', 18, '', '');
INSERT INTO tbl_municipios (cod_municipio, desc_municipio, id_departamento, latittud_munic, longitud_munic) VALUES ( '1809', 'SULACO', 18, '', '');
INSERT INTO tbl_municipios (cod_municipio, desc_municipio, id_departamento, latittud_munic, longitud_munic) VALUES ( '1810', 'VICTORIA', 18, '', '');
INSERT INTO tbl_municipios (cod_municipio, desc_municipio, id_departamento, latittud_munic, longitud_munic) VALUES ( '1811', 'YORITO', 18, '', '');
INSERT INTO tbl_municipios (cod_municipio, desc_municipio, id_departamento, latittud_munic, longitud_munic) VALUES ( '0814', 'SAN JUAN', 19, '', '');
INSERT INTO tbl_municipios (cod_municipio, desc_municipio, id_departamento, latittud_munic, longitud_munic) VALUES ( '0901', 'RUS RUS', 19, '', '');
INSERT INTO tbl_municipios (cod_municipio, desc_municipio, id_departamento, latittud_munic, longitud_munic) VALUES ( '0901', 'TIKIRAYA', 19, '', '');
INSERT INTO tbl_municipios (cod_municipio, desc_municipio, id_departamento, latittud_munic, longitud_munic) VALUES ( '0905', 'USIBILA', 19, '', '');
INSERT INTO tbl_municipios (cod_municipio, desc_municipio, id_departamento, latittud_munic, longitud_munic) VALUES ( '0906', 'KRAUSIRPE', 19, '', '');
INSERT INTO tbl_municipios (cod_municipio, desc_municipio, id_departamento, latittud_munic, longitud_munic) VALUES ( '1003', 'SAN ANTONIO', 19, '', '');
INSERT INTO tbl_municipios (cod_municipio, desc_municipio, id_departamento, latittud_munic, longitud_munic) VALUES ( '1210', 'FLORIDA', 19, '', '');
INSERT INTO tbl_municipios (cod_municipio, desc_municipio, id_departamento, latittud_munic, longitud_munic) VALUES ( '1210', 'MESETAS', 19, '', '');
INSERT INTO tbl_municipios (cod_municipio, desc_municipio, id_departamento, latittud_munic, longitud_munic) VALUES ( '1215', 'ESTANCIA', 19, '', '');
INSERT INTO tbl_municipios (cod_municipio, desc_municipio, id_departamento, latittud_munic, longitud_munic) VALUES ( '1216', 'NAHUATERIQUE', 19, '', '');
INSERT INTO tbl_municipios (cod_municipio, desc_municipio, id_departamento, latittud_munic, longitud_munic) VALUES ( '1219', 'EL ZANCUDO', 19, '', '');
INSERT INTO tbl_municipios (cod_municipio, desc_municipio, id_departamento, latittud_munic, longitud_munic) VALUES ( '1307', 'SAN PABLO', 19, '', '');
INSERT INTO tbl_municipios (cod_municipio, desc_municipio, id_departamento, latittud_munic, longitud_munic) VALUES ( '1318', 'SAZALAPA', 19, '', '');
